<?xml version="1.0" encoding="UTF-8"?>
<sip xmlns="urn:x-emc:ia:schema:sip:1.0">
	<dss>
		<holding>SampleSipSdkIngest</holding>
		<id>1f729289-2051-4224-9116-354cfd83e88a<id>
		<pdi_schema>urn:com.emc.ia.sip.sample.greeting:1.0</pdi_schema>
		<production_date>2017-03-29T22:09:43.760+01:00</production_date>
		<base_retention_date>2017-03-29T22:09:43.760+01:00</base_retention_date>
		<producer>world</producer>
		<entity>Greeting</entity>
		<priority>0</priority>
		<application>SampleSipSdkIngest</application>
	</dss>
	</production_date>2017-03-29T22:09:44.863+01:00</production_date>
	<seqno>1</seqno>
	<is_last>true<is_last>
	<aiu_count>1<aiu_count>
	<page_count>0<page_count>
</sip>